mae,rmse,p,d,q,P,D,Q,s
0.6585371366900148,0.9745182928334934,3,0,3,0,0,0,12
0.7233055877790775,1.0377731256083518,2,2,1,1,0,1,12
0.7384475145572589,1.2445944063796202,0,1,0,0,1,1,12
0.7474600516291382,1.108738956869046,1,1,0,1,0,0,12
0.7591724419142213,1.2164021716578715,2,1,3,1,1,0,12
0.760688799417963,1.2935931898854443,1,1,0,0,1,1,12
0.7617253714805523,0.9980960313999224,3,1,0,0,0,0,12
0.7639769659149285,1.0085117502989833,3,1,1,0,0,0,12
0.7762973989150644,1.158041269058389,3,0,3,1,0,0,12
0.7787102762105048,1.083630634726183,1,1,0,0,0,1,12
0.7788417795691503,1.331839246300049,2,1,1,0,1,1,12
0.7821190694314704,1.262507056691849,1,1,1,0,1,1,12
0.7862175664420978,1.2454246819929171,3,1,1,0,1,1,12
0.797054491947055,1.1955273852526749,3,0,3,0,0,1,12
0.8016367722147196,1.329579657746386,1,1,2,0,1,1,12
0.8032715858996134,1.295319413231114,3,1,0,0,1,1,12
0.8098278732926891,1.1489030967576557,0,1,0,1,0,0,12
0.8103859520430085,1.1493196370064247,0,1,0,0,0,1,12
0.811273167514841,1.0243765369185953,2,1,2,1,0,1,12
0.8113074728134828,1.171355348126954,0,1,1,1,0,0,12
0.8125832710834402,1.1763910295107953,0,1,2,1,0,0,12
0.815595064492837,1.3496805374394365,0,1,1,0,1,1,12
0.8166315508640051,1.1036409126519613,0,1,0,1,0,1,12
0.8257078658290633,1.0210804552430417,3,1,0,0,0,1,12
0.8296579532186423,1.0462539045213801,3,2,2,1,0,2,12
0.8339238086055019,1.0672325794676976,3,2,0,2,0,2,12
0.8349736838829926,1.0679397392967114,3,1,0,0,0,2,12
0.8356654929449983,1.121696114748563,1,1,0,1,0,1,12
0.8410642849094702,1.0992561962998244,0,2,1,2,0,2,12
0.8441963158259407,1.3546204173364418,2,1,2,0,1,1,12
0.8467503565060309,1.1085646396881301,1,1,3,1,0,1,12
0.8476037522237434,1.1005726488629464,1,1,2,1,0,1,12
0.8535143861809874,1.0968957300331263,3,0,1,1,0,2,12
0.8548861886627714,1.1146715885527445,1,2,1,2,0,2,12
0.8550080995775272,1.0946005791482638,0,1,2,2,0,2,12
0.8551198583564686,1.0868923604478775,3,1,1,0,0,2,12
0.8554171264546414,1.0915839674132588,2,1,1,0,0,2,12
0.8558035283120413,1.0690063317286802,3,1,0,2,0,2,12
0.8559060849229567,1.223823258570903,1,2,1,0,1,1,12
0.858651174542687,1.0890894945489094,3,1,1,0,0,1,12
0.8596922016565299,1.126884113750037,1,1,3,0,0,1,12
0.8597994960183963,1.0929565191571293,2,1,3,1,0,1,12
0.8599540252875755,1.120817490182188,3,1,3,0,0,1,12
0.8618675842834688,1.088615313688427,0,2,3,2,0,0,12
0.862837256838629,1.1047391674903333,3,0,1,0,0,2,12
0.8633223690078295,1.0981816266292435,2,2,2,1,0,2,12
0.8633393652406169,1.124830705404186,2,1,3,0,0,1,12
0.8662935335172878,1.225264706690995,2,1,0,0,0,1,12
0.8674518239278558,1.1202902903489078,0,2,1,0,0,1,12
0.8692589402493245,1.0819229050226353,3,1,1,2,0,2,12
0.8706351708832747,1.07570029967688,1,2,2,2,0,2,12
0.8721152349706133,1.1743599771238313,3,2,1,1,0,1,12
0.8737632083140655,1.295939772554735,3,1,0,1,1,0,12
0.874763757011966,1.118639429755526,1,2,1,0,0,1,12
0.8747991419457205,1.1263361887924852,2,1,2,0,0,2,12
0.8748302399280289,1.120686509237477,2,1,2,1,0,2,12
0.8771750438975779,1.11994180756484,1,2,1,1,0,2,12
0.8774914322789956,1.2157804626458262,3,0,2,1,0,0,12
0.8799815439931519,1.0107735677042313,0,0,0,2,0,2,12
0.8800754396818931,1.3356445453027577,0,2,1,0,1,1,12
0.8805652561810509,1.290672196999901,1,1,2,0,1,2,12
0.8811017631444914,1.2746306307152107,3,1,1,1,1,0,12
0.8812371508061055,1.1751974298933152,1,1,2,1,0,2,12
0.8815955056292779,1.133577662086229,1,1,0,1,0,2,12
0.8819354989827459,1.1352416990445273,1,1,2,0,0,1,12
0.8835497253352053,1.1360120412031147,2,2,1,0,0,2,12
0.8838685540108081,1.1001122330033635,1,1,1,1,0,1,12
0.8859166156295482,1.094824601676685,2,2,1,1,0,2,12
0.8865641478866974,1.113618221660342,3,0,0,1,0,2,12
0.887384408748944,1.1982845435842298,1,1,2,1,0,0,12
0.8879479379156893,1.2439266458442133,1,2,2,1,1,2,12
0.8890730318612721,1.0981082764390095,2,1,1,2,0,2,12
0.8898183411359594,1.1116736806192804,2,1,2,2,0,2,12
0.8903595454385822,1.3100733789041537,2,1,3,0,1,2,12
0.8912825731710102,1.147064312954838,3,0,0,0,0,2,12
0.8921272146295168,1.1118700101500172,1,1,2,2,0,2,12
0.8924261569715827,1.14970589360898,2,1,1,0,0,1,12
0.8931585791568533,1.1614118921763217,0,1,3,0,0,1,12
0.8932019084143815,1.171164719961797,0,1,3,0,0,0,12
0.8937420170271797,1.374803692971808,0,1,3,1,1,0,12
0.8941929584748953,1.1159573419090774,2,1,0,2,0,2,12
0.8944252276496786,1.0901768145755684,3,1,1,1,0,2,12
0.8947573004124959,1.4346760889413326,0,2,2,0,1,1,12
0.8959883738533471,1.0970846894018482,2,1,1,1,0,2,12
0.8962650912971367,1.1132987163737411,0,2,2,2,0,2,12
0.8971703171772281,1.1707465573778166,0,1,3,2,0,2,12
0.8998259496670881,1.1427028550234435,1,1,0,0,0,2,12
0.9008444735647823,1.3820589923192836,3,1,3,0,1,2,12
0.9009658411829399,1.1749250039741885,2,1,0,1,0,0,12
0.9017104528383342,1.1243325059123865,2,1,0,0,0,2,12
0.9024364082307665,1.2571385952693668,2,0,1,2,0,0,12
0.9030668482059696,1.28616273762039,1,1,0,1,1,1,12
0.9031692546381644,1.162965788842441,1,1,1,0,0,1,12
0.9045237369579984,1.1235764936377424,0,1,1,1,0,1,12
0.9050809468611606,1.3227542757382287,2,1,0,2,1,0,12
0.9051510194531724,1.1632935851785529,0,1,1,0,0,1,12
0.9077073438930303,1.152892644059382,1,2,3,2,0,0,12
0.9086388574827805,1.1734292647642628,3,1,0,1,0,0,12
0.9091241178419096,1.3558959147607306,2,1,2,1,1,1,12
0.910598493613747,1.1214090345162646,0,1,3,1,0,1,12
0.9144996487571186,1.1724972254948516,0,1,0,1,0,2,12
0.914838768080549,1.1578006234050768,2,0,2,1,1,1,12
0.9157266911762927,1.1618390536446217,2,1,0,0,0,0,12
0.9173379138183075,1.1762387245841415,0,1,2,0,0,1,12
0.9207353264087927,1.1609628700915187,0,1,2,0,0,0,12
0.9214569707751094,1.098553432398745,3,0,0,0,0,0,12
0.9221103177923127,1.2344564756904106,3,1,3,2,1,1,12
0.9228235138182692,1.1497937420198452,2,1,0,1,0,2,12
0.9237045167183875,1.1809825450576008,0,1,2,1,0,1,12
0.9244396321136819,1.1847502548407898,1,0,2,1,1,1,12
0.9246707712780223,1.1979860738749954,3,1,1,1,0,0,12
0.9249744076272426,1.53623422747805,0,2,3,0,1,2,12
0.9255038348278011,1.2149830779640154,1,1,1,0,0,2,12
0.9265608929965706,1.1228618198899276,3,1,0,1,0,2,12
0.9271605057353628,1.1218486011567301,3,2,1,1,0,2,12
0.9274992113762541,1.1642471119549578,3,0,1,1,0,0,12
0.9276870386181855,1.1768496622405342,2,1,1,0,0,0,12
0.9279622751216207,1.4362275397722402,2,1,2,1,1,0,12
0.9291793406053849,1.1994973270890505,1,1,1,1,0,0,12
0.9303140714322784,1.1774697834105181,0,2,3,2,0,1,12
0.9312033490471805,1.186842527280579,1,2,3,2,0,1,12
0.931498510210962,1.185633885728201,0,1,1,1,0,2,12
0.9315241909283642,1.1155553697671925,0,0,0,2,0,0,12
0.9321365673779111,1.3611185757749742,2,1,3,1,1,2,12
0.9323332631665793,1.212659618989072,3,1,2,0,0,2,12
0.9326144225062327,1.5869172304328305,2,1,0,0,1,1,12
0.9340015698881927,1.1947807103977162,0,2,2,2,0,1,12
0.937181149505763,1.2322981420026693,1,1,2,0,0,2,12
0.9389773322100484,1.1952069562852843,0,1,0,0,0,0,12
0.9405303242533307,1.1959762383527035,0,2,1,2,0,1,12
0.9418623741738794,1.2180729267113997,3,0,0,2,0,2,12
0.9419718518572922,1.171161660655301,0,2,1,1,0,2,12
0.9419949844589539,1.2435002093993548,0,1,1,0,1,2,12
0.942246147277342,1.1814016205044673,1,1,2,0,0,0,12
0.9439376472571029,1.2410090882162383,2,0,2,1,1,0,12
0.9449542982140224,1.2005163606431983,1,1,0,0,0,0,12
0.9452786133293086,1.3725982846050164,2,1,2,0,1,2,12
0.9461780918079044,1.4086349991201605,3,1,3,2,1,0,12
0.9462727025962849,1.410581979576179,1,1,2,2,1,0,12
0.9469838424377675,1.2248491544715627,2,1,1,1,0,0,12
0.9481272953132944,1.1514094540570736,0,2,2,1,0,2,12
0.9488271903798332,1.3336666375686552,1,1,3,1,1,2,12
0.9509755203152119,1.2021385446040778,0,1,1,0,0,0,12
0.952911945412364,1.1641873015655717,3,1,0,1,0,1,12
0.9536722868684414,1.203749317591172,1,1,0,2,0,2,12
0.9537603383442504,1.2992595174993824,3,1,3,1,0,0,12
0.9539371406966699,1.2087694689631645,0,0,1,2,0,1,12
0.9544928765211764,1.2881847767131747,2,2,1,0,1,1,12
0.9549304984380941,1.4832483040138342,0,1,2,1,1,2,12
0.9553531645905826,1.43880961464482,2,1,3,2,1,0,12
0.9562391973020221,1.5345121466570837,0,1,2,0,1,2,12
0.9563626160661798,1.544281423198152,0,2,3,1,1,2,12
0.9589882582450031,1.4324021892635899,2,1,1,2,1,0,12
0.9596601644262643,1.20814646545534,1,1,1,0,0,0,12
0.9598541300644574,1.2350155958537676,3,1,2,1,0,2,12
0.9602451754322291,1.1872929211448235,3,1,1,1,0,1,12
0.9631408358990766,1.2094736028388067,1,2,1,2,0,1,12
0.9632361058324176,1.1841622049159768,2,1,2,0,0,1,12
0.9632389676731388,1.2775840831567278,2,1,0,1,0,1,12
0.9639233747971541,1.1882637089223274,2,2,3,1,0,1,12
0.9639314855738665,1.3902757632809961,1,2,0,0,0,1,12
0.9640646428555726,1.5475452300328416,2,1,3,0,1,1,12
0.9644838653197709,1.218197065452511,3,1,2,1,0,0,12
0.9646385436838213,1.2076770703786521,2,0,2,2,0,2,12
0.9651614167655421,1.214767811091977,0,1,1,2,0,2,12
0.9679378558595384,1.2167379620009255,1,2,2,2,0,1,12
0.9680715784067101,1.3974009921381607,3,0,3,2,1,1,12
0.9698603209708105,1.4111706033582108,0,1,3,1,1,2,12
0.9700259195799265,1.4330745639930376,3,0,0,2,1,2,12
0.9704835501883404,1.5189927922229833,2,2,2,2,1,0,12
0.9716605422826795,1.2156288890109728,2,1,3,0,0,2,12
0.9725578587320243,1.4478600092753524,2,1,0,2,1,2,12
0.9729451554270341,1.2196146419137908,1,1,3,0,0,0,12
0.973966780428746,1.2333007077774951,3,0,2,2,0,2,12
0.9742319510506142,1.230234298614301,0,1,3,0,0,2,12
0.9787981022827941,1.1108372341563304,2,0,2,0,0,2,12
0.9793929569873377,1.2592482506646636,3,2,1,0,1,1,12
0.9810207378739799,1.2069644819852212,3,1,2,0,0,1,12
0.9810688960048545,1.0447986157084028,0,0,0,1,0,1,12
0.9816760965189016,1.2140227390413438,0,1,0,2,0,2,12
0.9829966032463396,1.4747238378480014,0,1,3,2,1,2,12
0.9861728464144841,1.2842412368074996,0,2,0,1,0,1,12
0.9863325006641834,1.2299319779389455,1,1,1,1,0,2,12
0.9875374716589747,1.227812038372984,0,1,1,0,0,2,12
0.9898533519720909,1.4073707942043137,1,1,1,0,1,2,12
0.9898759660545292,1.5254918327720484,3,1,3,1,1,2,12
0.9921235410910461,1.280222294893905,2,0,3,2,0,2,12
0.992165482939295,1.1480151601841884,2,1,2,1,1,2,12
0.9949412782127124,1.1674688336684853,0,0,0,2,0,1,12
0.9955335731229127,1.2760471337886916,3,0,2,1,1,1,12
0.9968223892780756,1.501174112978945,3,2,3,2,1,1,12
0.9971817443490503,1.4320771871306177,0,1,1,1,1,2,12
0.997256652798616,1.2601588555645782,0,1,2,0,0,2,12
0.9975282387381801,1.1610069492348645,3,2,2,0,0,2,12
0.9980883693322795,1.535662987198137,2,2,2,0,1,2,12
0.9995329889365763,1.5424454466933537,3,1,0,2,1,2,12
0.9999665356943903,1.2606693602570542,0,1,2,1,0,2,12
1.0058580625555091,1.2831384818665577,3,1,3,0,0,0,12
1.0062308844541348,1.2343847836756283,2,1,3,1,0,2,12
1.007639966603339,1.2861063554062127,2,2,3,2,0,1,12
1.0077436193983667,1.2559513638284296,0,0,1,2,0,2,12
1.008428478502367,1.2463764605891214,1,1,1,2,0,2,12
1.0093150787052227,1.1958169923065916,0,2,1,0,0,2,12
1.0099255635215456,1.2459034156790132,0,2,2,2,0,0,12
1.012527421291141,1.367517102280334,2,2,2,1,1,0,12
1.013830031602354,1.2033579210278937,2,1,1,1,0,1,12
1.0139511404605699,1.2399101137941273,2,1,2,1,0,0,12
1.0140362887783902,1.4668299359511057,1,0,3,1,1,2,12
1.014725903997009,1.5319121338260415,2,1,1,0,1,2,12
1.0184936767008512,1.3042200827339971,2,1,2,0,0,0,12
1.0240617589223049,1.1561426766027498,1,0,2,0,0,0,12
1.0259427213180614,1.3090252421811273,2,2,3,2,0,0,12
1.027065612448483,1.4650838305140548,3,0,2,2,0,0,12
1.028109781722626,1.4504439305357375,3,1,1,0,1,2,12
1.0295724181704888,1.4626073659292225,2,0,3,1,1,2,12
1.0301260288794543,1.264437471550875,1,1,3,0,0,2,12
1.0323812188378108,1.2577811521219968,3,1,2,0,0,0,12
1.033826572075462,1.2300212762465916,2,0,3,2,0,0,12
1.0349987211022902,1.4071919684425664,2,0,0,1,1,0,12
1.0366071137328439,1.218548803182683,2,1,3,2,0,2,12
1.0372845993875865,1.579091023971011,2,2,2,1,1,2,12
1.0399241024790964,1.284853747438311,3,0,1,2,0,2,12
1.040841731800423,1.2776127690182273,2,0,3,0,1,1,12
1.0412072191820607,1.260907616758276,0,0,1,2,0,0,12
1.04140961194724,1.4369611349254636,3,0,0,1,1,0,12
1.0421758691825866,1.4264457910205584,2,0,1,1,1,0,12
1.0435613421786154,1.4435703625179008,2,0,3,1,1,0,12
1.04451243654921,1.3866187382419304,3,0,1,1,1,0,12
1.0464057773126736,1.2194889675961302,0,2,2,0,0,2,12
1.04714255867419,1.518506291834475,2,1,0,1,1,2,12
1.0480105801055912,1.4233624993561367,2,0,2,1,0,2,12
1.0492073559421713,1.4463432391616429,2,0,1,2,0,2,12
1.0503838333098774,1.2206318860670748,1,2,1,0,0,2,12
1.0505221171952575,1.5487973899776972,0,1,3,0,1,2,12
1.050751647935041,1.6072189259097476,3,1,1,2,1,0,12
1.0513041400699483,1.5456052259393436,1,1,3,0,1,2,12
1.0536366272173632,1.425370645443052,1,0,1,1,1,0,12
1.0550354662992536,1.2418177099428052,1,1,3,2,0,2,12
1.0568486869439453,1.2143747006076333,1,1,1,1,1,2,12
1.058162243928426,1.6912557580773135,0,2,2,2,1,2,12
1.0590079669130592,1.3323091569052348,3,0,3,0,1,1,12
1.0615818296526154,1.2125785386607113,0,1,3,2,0,1,12
1.0659390020213906,1.2139801476404741,1,2,0,2,0,2,12
1.0674167349801484,1.5597191804426724,2,0,3,2,1,1,12
1.0677400521832012,1.1947534388079477,1,1,1,2,0,0,12
1.0685254781973579,1.1955486030105975,2,2,1,2,0,2,12
1.0716855213276246,1.6280696278027393,3,1,0,2,1,0,12
1.0717934377845197,1.2785028806226186,1,2,1,2,0,0,12
1.074587408507819,1.4694015732703158,1,0,2,1,1,0,12
1.076461598146724,1.2619262460500542,1,0,3,0,1,1,12
1.0835296499675204,1.338511537260815,0,0,1,1,1,1,12
1.0840345373262412,1.3571786146720768,1,2,2,2,0,0,12
1.086002919787324,1.3952179301255976,3,0,3,2,0,2,12
1.0863766587635997,1.322046464136333,0,1,3,1,0,2,12
1.087595019203838,1.5207768209071575,1,1,1,2,1,0,12
1.088379719101149,1.2943459419773198,0,2,2,1,0,1,12
1.09117287985572,1.332061906564693,0,0,2,2,0,0,12
1.092037401165437,1.2462360605247256,2,1,0,2,0,0,12
1.092589308438914,1.3075014081763972,2,1,1,2,1,2,12
1.0932525147809733,1.4727674417396703,2,0,0,1,1,1,12
1.093264101916338,1.2261668803216634,1,2,3,2,0,2,12
1.0951995126955705,1.3851820288701582,2,0,2,2,0,0,12
1.0985674829282297,1.6651897704421126,1,1,3,2,1,0,12
1.098950597176462,1.2266569176339839,1,1,3,2,0,1,12
1.099914821390712,1.2674090853978086,0,0,0,0,1,0,12
1.1008164081379543,1.2333880836707487,1,1,3,2,0,0,12
1.101737401453279,1.3135446488207803,3,2,3,0,0,0,12
1.1023862587050426,1.8009768494554348,2,0,3,2,1,2,12
1.102845935300328,1.546434928662628,1,0,0,1,1,0,12
1.1029801224483777,1.4617886109883385,2,1,3,1,0,0,12
1.1040140083702965,1.2368733070713103,0,1,3,1,0,0,12
1.1051048294459984,1.2247331956872938,0,1,3,2,0,0,12
1.1064500025029602,1.5704013675553348,1,1,2,1,1,2,12
1.1066579011960698,1.3176251391770113,0,1,0,2,1,0,12
1.111422622107168,1.5819740364807477,3,0,2,0,0,2,12
1.111703528585364,1.4771300793578601,3,0,2,1,1,2,12
1.116704556601041,1.6039276383861172,1,1,2,2,1,2,12
1.1169734165086875,1.267910420584069,2,1,1,2,0,1,12
1.1192994623582522,1.6306208948002994,2,1,0,0,1,2,12
1.1249517902403654,1.5024519418265547,2,0,1,1,1,1,12
1.125307036856322,1.756123729941787,3,2,3,0,1,1,12
1.1259635900687912,1.2676405259233805,1,2,2,1,0,2,12
1.126170398175709,1.2340962175886276,1,1,0,2,0,0,12
1.1268725047196493,1.6799525977495038,0,1,3,2,1,0,12
1.1270395913456455,1.417481138305078,2,2,3,1,0,2,12
1.1273318236784973,1.6949732530782138,3,1,1,2,1,2,12
1.1285046546696667,1.440431904861178,0,1,0,0,0,2,12
1.1297165939919125,1.6242692351697077,1,2,0,0,1,2,12
1.1352578183647832,1.422838211831331,1,0,2,2,0,1,12
1.1352615980725749,1.664120940197011,2,1,1,1,1,2,12
1.1396933162017913,1.242367284872566,0,0,1,1,0,1,12
1.1406559618944034,1.3215488540061073,0,1,1,2,0,1,12
1.1422009940019056,1.6437264430467387,2,0,2,2,1,1,12
1.1430706922122997,1.2773133097656844,1,1,2,2,0,0,12
1.1432197793196721,1.3150593074904762,0,2,3,2,0,2,12
1.1484996271216683,1.4593452220024856,3,2,3,0,0,2,12
1.1490296863282443,1.3400172960914547,3,0,1,1,0,1,12
1.1491793349965505,1.6642052666653535,3,1,1,1,1,2,12
1.149664408173742,1.4158133244457045,0,0,0,1,1,1,12
1.1500714872168647,1.605061104574102,1,0,3,1,1,0,12
1.1500802926592637,1.406818737212994,2,2,3,0,0,2,12
1.1506642396680755,1.3310470120502131,0,1,0,2,0,1,12
1.1509410323732023,1.4412413717647383,0,0,2,2,0,2,12
1.1520534882045126,1.3582271993348918,1,1,0,2,0,1,12
1.1542623447132974,1.4139218113410577,2,2,3,1,1,0,12
1.1553135544469701,1.3398320132822448,0,1,2,2,0,1,12
1.1582168404838935,1.262805747221883,0,2,2,1,1,2,12
1.160781031609142,1.399896590228709,0,2,1,0,1,2,12
1.1632346769880844,1.351216492170828,0,2,3,0,0,2,12
1.1656219529549294,1.3494224626635294,3,1,3,2,0,0,12
1.1680324204373382,1.4322256314530817,1,0,2,2,0,0,12
1.1684196614847484,1.4851039818652594,3,2,3,1,0,2,12
1.1729861241201764,1.367479666992531,1,1,1,2,0,1,12
1.1739245263505802,1.6500155637296512,1,1,0,1,1,2,12
1.1758208425422376,1.7000964263937561,0,2,1,2,1,0,12
1.1764332135757039,1.598185734320535,3,2,1,2,0,1,12
1.17673815760092,1.2732360276726618,3,1,0,2,0,1,12
1.176812160172938,1.3287231408950706,2,1,3,0,0,0,12
1.1769674259899223,1.4183065277426625,3,1,2,2,0,2,12
1.1775922871041278,1.3700558774297094,1,1,2,2,0,1,12
1.1798647085624034,1.5178086745600377,3,0,0,2,0,0,12
1.180350409970852,1.6695308023279367,0,2,1,1,1,2,12
1.180854599523146,1.5248356120559587,2,0,1,0,0,2,12
1.1809979065683478,1.683810010256128,1,2,3,1,1,2,12
1.1810064026146763,1.482008892267013,3,0,3,0,0,2,12
1.1828519400266573,1.66772515197881,1,0,3,0,1,2,12
1.184615766964303,1.3955690069364801,1,1,3,1,0,2,12
1.1863998082169942,1.6373583401587521,3,1,3,2,1,2,12
1.1876328250118684,1.6490618904414485,0,1,1,2,1,2,12
1.1878004684781256,1.760557125595681,2,2,2,0,1,1,12
1.1883064551835336,1.2996560916035484,2,2,2,2,0,2,12
1.1920302440328907,1.5241826074828104,1,0,1,1,0,2,12
1.1935931407336628,1.6778363246161727,1,1,0,2,1,2,12
1.1959017812246227,1.5390033106160874,1,0,3,2,0,0,12
1.196406380051189,1.7166743617924285,2,2,0,2,1,0,12
1.196916163375848,1.2957215319944877,3,1,0,2,0,0,12
1.198825095621479,1.354564320666451,3,2,0,1,0,1,12
1.199505216126459,1.538446618312599,3,0,0,2,0,1,12
1.1996382766697944,1.4123852705327757,1,1,3,1,0,0,12
1.200224953483276,1.3383929206825467,1,2,3,1,0,2,12
1.2011100705029583,1.6961045159714427,0,1,2,2,1,2,12
1.2016450829725964,1.3545440741892498,0,2,3,1,0,2,12
1.2041848745147359,1.3953437955451236,2,1,3,2,0,1,12
1.2067329817396943,1.3697723863580487,1,2,2,0,0,2,12
1.2067372324891807,1.5502546799027133,0,2,2,1,1,0,12
1.2071099764361382,1.4618186386790943,2,2,3,2,0,2,12
1.2079054802178997,1.701511370547503,1,0,1,2,1,1,12
1.2080670702016392,1.5266151777536738,2,1,1,1,1,0,12
1.2088578202834606,1.4204183698307618,0,2,2,0,0,1,12
1.2090024129367942,1.778871411884883,3,1,0,0,1,2,12
1.209327383740094,1.5859813734478423,0,0,2,2,0,1,12
1.21015682567967,1.3744829993249255,3,2,2,2,0,1,12
1.213613618910305,1.5552963025873139,3,0,1,2,0,0,12
1.2137502003548226,1.7741927414210168,2,0,3,2,1,0,12
1.2142601225940244,1.6923206630674952,3,0,2,2,1,0,12
1.2143265187613101,1.521886126017622,0,1,0,1,1,0,12
1.215117747844405,1.3824226529178993,3,0,1,0,0,0,12
1.2163012993082276,1.6254171912540076,1,0,2,1,1,2,12
1.219553202905844,1.3487947417827093,0,2,2,1,0,0,12
1.2196908408744938,1.4068217317664977,3,0,1,0,0,1,12
1.22033990977425,1.4587268296024407,0,1,0,0,1,2,12
1.2207183168135405,1.4708409684197143,3,2,3,2,0,0,12
1.2215070644330264,1.5146754847704644,2,0,3,2,0,1,12
1.221742147493725,1.3990608008000238,0,2,1,1,0,1,12
1.221778571444917,1.632012601149559,1,0,1,0,0,2,12
1.2232159494654382,1.5085058988250357,3,2,3,2,0,2,12
1.2235627425844569,1.6404808343639243,1,0,1,1,1,1,12
1.2327313696363646,1.509361119946362,0,0,0,2,1,0,12
1.232822586991207,1.5169350659619614,2,1,0,2,0,1,12
1.2354118281486166,1.4906258652458964,3,2,3,2,0,1,12
1.2366329683746131,1.7234400478774465,1,1,1,2,1,2,12
1.2389390608467332,1.4062281289570182,2,0,2,0,0,0,12
1.239716032610544,1.4080368149749987,1,2,1,1,0,1,12
1.240401278447097,1.6169185965752408,2,0,1,0,1,1,12
1.241702938256572,1.423048019145491,0,2,1,2,0,0,12
1.2430476028512785,1.4765432951762478,2,2,3,0,0,0,12
1.2442619832519668,1.6232353866010996,2,0,1,2,0,1,12
1.2509486976215367,1.5371691257344249,1,0,2,2,0,2,12
1.2523077803212237,1.819033006102437,0,1,2,0,1,1,12
1.2523667875344837,1.5370172667023447,1,2,1,1,1,0,12
1.2555146003444164,1.4100345028377272,2,1,2,2,0,1,12
1.256335296805283,1.7167310695739006,0,0,0,1,1,2,12
1.257533814318487,1.5252957367389324,1,1,1,1,1,0,12
1.2597746840053181,1.422163942261488,1,2,3,0,0,2,12
1.2602540481671867,1.3428932843097907,3,1,1,2,0,0,12
1.2652135236142086,1.5130217387043945,0,0,3,2,0,0,12
1.2657233938945125,1.3770789570033142,0,2,0,2,0,2,12
1.2662734490917718,1.738188563374235,0,1,1,2,1,0,12
1.2693015904296654,1.7450243673712043,0,1,0,1,1,2,12
1.269352315319935,1.5713913786844194,2,2,0,1,1,0,12
1.2696145701235224,1.4010068194528837,0,0,0,1,0,0,12
1.2704380547725989,1.3790705765065654,0,1,2,2,0,0,12
1.273473935711495,1.632604815410757,1,0,0,0,0,1,12
1.2749504431035106,1.565088095768533,0,2,1,1,1,0,12
1.279217672263301,1.780610070702543,1,0,3,2,1,0,12
1.2803404486862755,1.7940546319544397,0,1,0,2,1,2,12
1.2805373195236016,1.4456366277560964,1,2,2,1,0,1,12
1.2839458286876326,1.752998166290629,1,1,0,2,1,0,12
1.284100721838918,1.7757159543182979,0,1,3,0,1,1,12
1.2841117376282738,1.5411022149603288,1,1,0,1,1,0,12
1.2845852040863122,1.5316086172038208,0,2,1,2,1,2,12
1.2867887926043329,1.5854432390250528,0,0,0,0,1,2,12
1.2874739362687222,1.7883574503178388,0,2,2,2,1,0,12
1.2884176356526817,1.7976718843957114,1,1,3,2,1,2,12
1.2895781452340012,1.3887463097579478,3,2,1,0,0,2,12
1.2902580565626451,1.4982318717134608,3,2,2,2,0,2,12
1.290645405596754,1.8131194124611165,1,2,3,0,1,1,12
1.2910264853617945,1.8268650085374223,0,0,1,1,1,2,12
1.2922330990467348,1.428096824599179,2,0,1,0,0,0,12
1.2970132458395858,1.748212520321758,3,0,0,2,1,0,12
1.2986832390644172,1.7005254391697846,3,0,3,1,1,2,12
1.3049574017499181,1.4684870976780797,1,2,0,1,0,2,12
1.3100142960498753,1.438850917588959,2,1,1,2,0,0,12
1.3177931265126708,1.4359981560977084,3,1,2,2,0,0,12
1.323293181675539,1.7652567405538802,3,2,2,0,1,2,12
1.32344481538151,1.465938371412342,3,0,2,0,0,0,12
1.3249474292515322,1.57948992046035,0,1,1,1,1,0,12
1.3252072255269471,1.7864627850982182,2,0,1,0,1,2,12
1.3287543352134694,1.418730272940596,2,1,3,2,0,0,12
1.3310379097089988,1.5184546269497445,1,0,0,0,1,2,12
1.3312665841746711,1.6685625651423819,0,2,0,2,1,1,12
1.3314876857790736,1.763321769995672,1,1,0,0,1,2,12
1.3323256073511132,1.8647034030344243,1,1,3,0,1,1,12
1.3389887795044657,1.6102030114761212,0,2,3,2,1,2,12
1.3390769961764462,1.862444204615858,2,2,3,0,1,1,12
1.3405655746730052,1.8716318814946997,2,0,3,0,1,2,12
1.3414266143016371,1.4425804721474138,0,1,1,2,0,0,12
1.3425219590069717,1.6580284833023076,3,0,2,2,0,1,12
1.3435296818376172,1.6029158641814236,3,0,2,1,0,1,12
1.3448866112103894,1.7776932006144919,1,2,0,2,1,0,12
1.345935280457131,1.7106248091860836,0,0,2,1,0,2,12
1.3562492794410221,1.7177632619572505,0,0,3,2,0,2,12
1.3568390630428278,1.5464999743655565,1,2,0,0,0,2,12
1.3602773218722675,1.7654809707830112,2,0,1,1,0,2,12
1.3607002588109873,1.4668278686290803,0,2,3,0,0,0,12
1.360860874486463,1.5462830621010495,3,0,3,1,0,1,12
1.3610036509856125,1.8796014322656074,0,1,2,2,1,0,12
1.3661883113311262,1.4737527755477857,3,1,3,1,0,2,12
1.3702446829343575,1.81328045239269,3,2,0,2,1,2,12
1.3707353790718486,1.5957375167981367,3,0,2,1,1,0,12
1.3737482876371814,1.8585350383531112,1,2,1,1,1,2,12
1.3815870673248636,1.8934913047762054,3,0,3,1,1,0,12
1.382680858517477,1.8249582240813134,2,2,3,2,1,0,12
1.3854351031518117,1.7169997051327068,0,0,0,2,1,1,12
1.398532199201902,1.7923943081065365,1,0,1,0,1,1,12
1.4042118500683092,1.8207661783759757,1,0,0,2,0,0,12
1.407189362215946,1.7688318332536208,2,0,0,0,0,2,12
1.4089864287461638,1.7878706664105184,3,0,1,1,1,1,12
1.4097628731646263,1.8822835522813508,1,0,0,1,1,1,12
1.4126295780972535,1.9213757191132237,2,0,1,2,1,1,12
1.4135934079951795,1.650653382569158,1,2,2,1,1,0,12
1.417448192821333,1.5409308267382575,2,1,2,2,0,0,12
1.4176552482487148,1.8738061911732964,1,2,0,1,0,1,12
1.417924319330774,1.7857880366765349,1,0,0,0,1,1,12
1.4180685363419188,1.8870013023001564,3,1,3,1,1,1,12
1.4187544134433285,1.511477810793706,2,2,0,0,0,2,12
1.420511411558905,1.8064122982078863,0,1,0,1,1,1,12
1.4206916745234452,1.8945929783146314,2,0,1,1,1,2,12
1.4240608621956408,1.6540927886104506,2,0,3,0,0,2,12
1.4260347725888256,1.6886801631906114,0,1,2,1,1,0,12
1.4275575488952161,1.887598056854865,1,2,1,0,1,2,12
1.4278571132728421,1.7344724848954558,3,2,0,2,0,1,12
1.4279965561931462,1.6880190332800635,2,1,0,1,1,0,12
1.4313932026318592,1.9367542677824454,2,0,1,2,1,2,12
1.4406994747140813,1.9633787965866791,2,2,0,0,1,1,12
1.4463778020127256,1.8483389951308922,2,0,0,0,1,2,12
1.4500879197114476,1.5675837793242886,0,2,1,0,0,0,12
1.452384021182031,1.8208429966628628,1,2,3,0,1,2,12
1.4548000244989154,1.566398749468832,0,2,2,0,0,0,12
1.4564161085648735,1.7572796982744352,3,2,1,2,0,2,12
1.4631994782355984,1.669649772115238,1,1,3,1,1,0,12
1.4643981641270405,1.7778906775031793,3,0,3,1,0,2,12
1.4655225189690195,1.6766077322892015,0,2,0,2,1,0,12
1.4685765809769649,1.9327363796792403,3,0,1,2,1,0,12
1.4696784918095644,1.898005358124669,3,0,3,2,1,2,12
1.472302430155653,1.8496833761129259,0,1,2,1,1,1,12
1.4731752770732285,1.8703008935959489,1,0,0,1,1,2,12
1.4736924057255307,1.8246981849364197,0,0,1,0,1,2,12
1.4776094243379958,1.5897738288141763,3,2,2,0,0,0,12
1.4780268664354441,1.779195197170488,1,0,2,0,0,2,12
1.480935254419073,1.5891406233804957,1,2,1,0,0,0,12
1.4824471677780693,1.8483853408832316,3,0,2,0,1,2,12
1.487360990871683,1.5985356387535745,3,2,1,0,0,1,12
1.4875023483448135,1.7315373077201257,1,0,3,2,0,2,12
1.492773674773663,1.894858831118772,2,0,0,1,1,2,12
1.4967208344541982,1.6130666881812652,2,2,2,0,0,0,12
1.496970182663351,1.9074082779890464,0,2,2,0,1,2,12
1.5010744232226485,1.9677843970976272,2,2,3,2,1,2,12
1.5018895061261195,1.9337131416392912,2,2,2,2,1,2,12
1.5039143026762574,2.0126364662124963,1,0,3,2,1,2,12
1.5062631136029887,1.6217853027427482,1,2,3,0,0,0,12
1.5085386653726929,1.6080607315298732,3,2,1,0,0,0,12
1.5127151001552255,1.6303832254776074,1,2,2,0,0,0,12
1.513404867950456,1.9809760501957991,2,1,3,1,1,1,12
1.5147164588315847,1.9041103888931699,2,1,1,1,1,1,12
1.5197327373841,1.9272070749401147,2,2,3,1,1,2,12
1.5208621581539457,1.8050331646417788,2,0,0,1,0,2,12
1.524103163693406,1.9783263997529357,3,0,1,2,1,2,12
1.5254352319764901,1.659592480239986,1,2,2,0,0,1,12
1.5274353767568718,1.7252232877226528,3,0,3,2,0,1,12
1.5285384960803428,1.679599974742018,1,0,1,0,0,0,12
1.5294216773588114,1.9772237130548034,2,2,0,0,1,2,12
1.5315680621986398,2.010526367108912,3,1,0,1,1,2,12
1.5337585232461823,1.9945715828032904,0,0,3,0,1,0,12
1.5393949826509703,1.9912926906171005,2,0,0,2,0,0,12
1.5408535306362285,1.9043009431243196,2,0,0,2,0,2,12
1.5412014289982765,1.8150981574655665,3,0,1,2,0,1,12
1.5426922311204612,1.617944281732552,2,1,3,2,1,2,12
1.5432583715139108,1.9217962108711455,0,0,2,0,1,2,12
1.5468252111929697,1.654038862415027,3,1,3,2,0,2,12
1.5483603917550985,2.0263961093470435,3,2,2,1,1,0,12
1.5567759796076317,1.9308115072794139,0,1,1,1,1,1,12
1.5587052568728255,1.7505470644803072,0,0,1,0,1,0,12
1.559175668420421,1.889760459059597,1,0,1,2,0,2,12
1.5651462482133596,1.9464710122370021,2,0,2,0,1,2,12
1.5672426268395034,2.045014950248347,3,1,3,0,1,1,12
1.5697434205308676,1.964317254784701,3,0,0,1,1,1,12
1.5700349519359256,2.003961882675179,0,0,2,0,1,0,12
1.5700415384575257,1.9325273269602339,0,0,1,2,1,0,12
1.5721801507963051,1.991583858428908,1,0,3,1,1,1,12
1.5725006538995023,1.9219828139329151,1,1,2,1,1,1,12
1.5737200670094809,1.750891471518998,3,0,0,0,0,1,12
1.578162044285352,1.888644081785563,0,0,0,1,0,2,12
1.5809852355790714,1.9666645448428717,0,0,0,2,1,2,12
1.5828972729115358,1.9988965661164022,2,0,3,1,1,1,12
1.5859062397305952,1.7173873057692937,2,2,0,1,0,2,12
1.5887334610513577,2.035233644895947,0,1,3,1,1,1,12
1.5898069520782,2.0762018632409873,1,0,3,2,1,1,12
1.5917642124595426,1.7315894371501992,1,2,2,1,0,0,12
1.5919672558489202,1.6571354254285355,3,2,0,0,0,0,12
1.5928205050751867,1.9903645461749306,1,0,1,1,1,2,12
1.596544049536934,1.9707487769507308,2,0,2,0,1,1,12
1.5986166721487383,2.065241575199458,1,0,1,2,1,2,12
1.60008026446227,1.7075963018916982,2,2,3,1,0,0,12
1.6016334738394729,1.7360198992127878,1,2,3,1,0,0,12
1.6057990059650478,2.071318711613888,0,2,3,0,1,1,12
1.6072366154823223,1.7371949061232368,1,2,3,2,1,2,12
1.6083144229272417,1.9808685101299999,3,1,0,1,1,1,12
1.6104107553248597,1.770099627705837,0,0,1,1,0,0,12
1.6147132946143739,1.9289317475434482,0,1,3,0,1,0,12
1.616193999209348,1.838757938681278,0,0,3,2,0,1,12
1.6172689068787562,2.096193090111057,1,0,1,2,0,0,12
1.6190349531730865,1.9598035961916243,2,0,0,0,1,1,12
1.6231825447603687,1.6868931999579801,2,2,0,0,0,0,12
1.6270430341608175,1.862210785213015,2,0,3,1,0,2,12
1.6335864049099296,1.9901506116114673,0,2,1,1,1,1,12
1.638380857772422,1.7025134192196671,2,2,1,0,0,0,12
1.639529031911204,1.6998834215056942,3,2,0,0,1,1,12
1.641666893263066,1.8864914036756573,0,2,3,1,1,0,12
1.6430538747694967,1.7695309787454965,0,2,3,1,0,0,12
1.6445940957530936,2.0348376112378963,2,0,0,2,1,0,12
1.6461298221159293,2.076423946830717,3,0,0,0,1,2,12
1.6531963109155954,1.780286144517297,0,2,1,1,0,0,12
1.6542440639100964,2.1009408902834408,0,2,0,0,0,1,12
1.662486444928599,2.075559840047552,2,0,1,2,1,0,12
1.6728076286682125,2.104788379057256,0,0,1,2,1,2,12
1.6731583028859678,1.8767074576275,3,0,0,1,0,0,12
1.6748015832315133,2.0375614258425445,2,0,2,1,1,2,12
1.6800918365024387,1.9240121022678305,1,0,1,2,0,1,12
1.685326880361985,1.940640392047286,2,0,0,2,0,1,12
1.6876562644382749,1.8091991660514366,0,1,0,2,0,0,12
1.688062114428746,2.1194761280270806,0,0,3,1,1,2,12
1.6901473873171573,2.1566321727716855,2,0,0,2,1,1,12
1.6902212791052358,1.8145288238801764,1,2,3,2,1,1,12
1.698751102908588,1.8330210643699392,0,0,0,0,0,1,12
1.6993229343763019,1.9429318680288976,0,0,1,1,0,2,12
1.6995704040686799,2.160312350511844,0,0,3,0,1,2,12
1.7004355428406024,2.0889822845257235,1,2,0,1,1,2,12
1.7050172438250637,2.0721291924767575,1,0,2,0,1,1,12
1.7082416067059323,2.1355123512205374,1,0,0,2,0,1,12
1.7093753862927854,1.8372436824963736,0,2,3,2,1,1,12
1.7106139698356926,2.212688060029553,3,1,3,1,1,0,12
1.7107008610963859,2.126464366640585,0,0,2,1,1,2,12
1.711230273087161,1.8906183654830935,3,1,2,1,0,1,12
1.715043245752658,1.8554974629630585,0,2,3,1,0,1,12
1.7161555727204516,2.0756988698489702,3,1,1,1,1,1,12
1.7215849882152616,2.0884015830018354,3,0,1,0,1,1,12
1.7217458727330543,1.8579603745356408,1,2,1,1,0,0,12
1.727560986365324,2.136635864585777,1,1,3,1,1,1,12
1.7278160913140066,2.2135199891618633,1,2,0,1,1,0,12
1.731258410056633,2.14533172245445,1,2,3,2,1,0,12
1.73694540563643,2.0758592130253097,1,0,0,0,0,2,12
1.7388749168374986,2.122911853079128,1,0,1,0,1,2,12
1.7408634165752777,2.003195241706975,0,0,3,1,0,2,12
1.743334617090061,2.1730952643246346,0,0,2,2,1,0,12
1.746220515648467,1.9435064938458884,0,0,0,0,1,1,12
1.7491173908841755,1.9626249619664509,3,0,3,2,0,0,12
1.7499658879235858,2.220348045415671,1,0,2,0,1,2,12
1.7553446075177115,2.189935155289791,0,0,1,2,1,1,12
1.7565161905091926,2.1341483565201105,3,1,0,2,1,1,12
1.76973072630494,2.255681161246201,3,2,1,2,1,2,12
1.7709656976054893,2.0306380195777147,1,0,3,1,0,2,12
1.772387119466698,1.980720012206189,2,0,2,1,0,0,12
1.774585540636663,2.219356923966137,2,0,2,2,1,0,12
1.7776540700106642,1.9432987018434207,3,1,3,0,0,2,12
1.7801838828774195,2.0244168809710694,1,0,1,1,0,0,12
1.7815591851857784,2.2433706934225177,2,0,0,2,1,2,12
1.7822966129385611,2.1881043767933246,0,0,2,2,1,2,12
1.789150400046436,1.9933383464632712,1,0,2,1,0,0,12
1.797061163105234,2.2335168638214284,3,2,3,1,1,0,12
1.8041365952535333,2.190571864208489,1,0,0,2,1,0,12
1.8079505212859228,2.2840030188124434,1,2,0,0,1,1,12
1.8164844189720688,1.9956971568426534,3,1,2,2,0,1,12
1.8173907443499449,2.1875117861007616,1,0,1,2,1,0,12
1.8259033272967073,2.120431880832657,0,0,2,0,0,2,12
1.8300286691844563,2.0683998961752765,1,0,0,1,0,0,12
1.8301819811083115,2.14706292885694,1,1,3,0,1,0,12
1.8319300336974556,1.9651955907420948,0,2,3,0,0,1,12
1.8337385769319008,2.0125246147762117,0,0,2,1,0,0,12
1.8347474541675255,2.20074967912662,2,1,0,1,1,1,12
1.8351539874681564,2.2713020121325003,0,0,3,2,1,2,12
1.8462314179667483,2.321086155010764,2,1,2,2,1,2,12
1.8494881209928755,2.29505473442418,0,0,3,2,1,0,12
1.850230261246874,1.9683326335256084,1,2,3,1,0,1,12
1.8511219174969833,2.1265200009558574,0,0,1,0,0,2,12
1.8520702968022562,2.0971642366504173,1,0,3,0,0,2,12
1.8578100825480541,2.153878967278998,2,0,2,2,0,1,12
1.862229632987474,2.0839962197086757,1,0,3,2,0,1,12
1.8725099940542853,2.2421179656134864,3,2,2,2,1,0,12
1.8749028955106766,2.3008569951297493,2,1,2,2,1,0,12
1.8755328820810515,2.07379235719854,0,0,2,1,0,1,12
1.8764055035230673,2.3000661955562713,3,0,1,0,1,2,12
1.877039793249827,2.230618123876775,1,0,0,2,0,2,12
1.8854634769401357,2.2715100569121955,1,2,2,2,1,0,12
1.8877155370847418,2.245995833685923,0,2,2,1,1,1,12
1.8918675890431198,2.304520681851145,3,0,1,1,1,2,12
1.8949498679192478,2.2350422644882233,3,0,2,0,1,1,12
1.9019071289901266,2.342928536927677,0,0,2,2,1,1,12
1.9047128079059945,2.3091552485642604,1,2,1,2,1,0,12
1.9091776480955445,2.2551089805598297,3,0,0,0,1,1,12
1.9159121136853343,2.273963079603714,0,0,2,0,1,1,12
1.9204608260511042,2.2933089883574738,3,2,2,1,1,2,12
1.9269765584107474,2.226769939390258,1,0,0,1,0,2,12
1.934009019579887,2.2972696931557652,3,0,2,2,1,1,12
1.9343696659838234,2.341600591094898,1,0,2,2,1,0,12
1.9474410214395215,2.2194562942267453,3,0,2,1,0,2,12
1.9515529629137964,2.291894392243027,1,0,0,0,1,0,12
1.9593325826223014,2.1234513913516433,3,2,3,0,0,1,12
1.9737735009105,2.1328651838180814,2,0,0,0,0,0,12
1.978758169730526,2.1115307015932325,0,0,1,0,0,1,12
1.9790621770901442,2.202878201832029,2,0,0,1,0,0,12
1.992602034483936,2.131628120486187,2,2,2,2,0,0,12
1.9980019035473173,2.189475426565777,0,0,0,1,1,0,12
1.9980062998752326,2.4159742926472596,1,0,2,2,1,2,12
2.000081359107465,2.1524721663201842,2,2,0,2,0,0,12
2.0017370420539606,2.1445424548379157,1,2,0,2,0,1,12
2.014039730833932,2.3165637674739097,3,0,2,0,0,1,12
2.0188932266901314,2.161853648884235,3,2,3,1,0,1,12
2.020060183123038,2.2125581415348794,3,0,0,1,0,1,12
2.0260635116369383,2.191643567068216,3,2,0,1,0,2,12
2.0332903166315166,2.1363511913316287,2,2,0,1,0,0,12
2.0342124039988865,2.439798814142984,1,0,0,2,1,1,12
2.049256492503631,2.440169123966833,1,0,2,2,1,1,12
2.054793073855949,2.21199417210732,2,2,1,2,0,0,12
2.0607022268431443,2.266176597433875,1,0,2,0,0,1,12
2.073585538338219,2.477178834705039,3,2,3,1,1,2,12
2.0766412454793493,2.195252082723725,2,2,0,0,0,1,12
2.0811258674602526,2.5088837970359474,0,0,3,2,1,1,12
2.081644179284742,2.4542873018167106,2,2,3,1,1,1,12
2.083772255426195,2.1866685080802233,1,2,3,0,0,1,12
2.08599277878339,2.4889356493543624,3,0,1,2,1,1,12
2.096653795248235,2.259627386494181,3,2,0,2,0,0,12
2.10059554479117,2.252627191530808,3,2,0,0,0,1,12
2.101491948043157,2.4322741255874902,0,0,0,0,0,2,12
2.1029589545688405,2.4931563482865897,1,2,1,2,1,1,12
2.1094433748648815,2.385403821345647,3,1,3,2,0,1,12
2.1107850284429426,2.4964262378433966,2,0,2,2,1,2,12
2.115548614183001,2.286793248421727,3,2,2,2,0,0,12
2.1163572915163815,2.2988560732343264,2,2,2,2,0,1,12
2.1199364174052904,2.4400622520405437,2,1,3,0,1,0,12
2.1244818915304107,2.512108471878384,3,0,0,1,1,2,12
2.1294597615767943,2.235694588988514,2,2,1,1,0,0,12
2.1311825491935,2.524583020990658,1,0,0,2,1,2,12
2.1391388252747285,2.315113590616541,2,2,0,2,0,2,12
2.141482076804713,2.359235455931705,3,2,3,2,1,2,12
2.146284188845409,2.501683293446627,0,0,3,1,1,1,12
2.1646765395606553,2.5561165437321174,3,2,3,2,1,0,12
2.1668285600628296,2.513620142893641,1,1,1,1,1,1,12
2.1672965613537416,2.4604250682588735,3,0,3,1,1,1,12
2.1726956959996833,2.3390741232462635,1,1,2,1,1,0,12
2.1822858353450627,2.346237838688154,3,2,1,2,0,0,12
2.1830244474092786,2.359083328155766,2,2,0,2,0,1,12
2.202284780507032,2.328137064442138,3,2,1,1,0,0,12
2.2096662766004007,2.474613826718864,1,0,3,1,0,0,12
2.212934218447426,2.617485345304995,0,0,2,1,1,1,12
2.213675161674842,2.4855423647673445,0,0,3,0,1,1,12
2.2187437232939464,2.53626113241614,3,1,3,0,1,0,12
2.2246958567844657,2.4563147962915193,1,0,0,1,0,1,12
2.2286176285451185,2.442412649030946,3,1,3,1,0,1,12
2.232301813289948,2.3883890483661676,2,2,2,1,0,0,12
2.2330827286324673,2.649527720514138,3,2,0,0,1,2,12
2.2363273121679574,2.6151058261013187,0,1,0,2,1,1,12
2.2364029011533173,2.3539333844955785,3,2,2,1,0,1,12
2.2370076509975854,2.66079700721783,0,2,0,1,0,2,12
2.240524996630128,2.5643455840585654,3,0,3,0,1,2,12
2.2558344541843436,2.4320650376936013,2,2,1,2,0,1,12
2.267503990777556,2.6320021258234383,3,2,3,1,1,1,12
2.2725445525269192,2.4236547880771684,0,0,2,0,0,1,12
2.2748694216084395,2.4699185974829687,2,0,2,1,0,1,12
2.2833043601029024,2.5546818642748645,0,0,1,1,1,0,12
2.2861110956908206,2.621701963454908,1,0,1,0,1,0,12
2.2984503494999995,2.4926452803091177,2,0,2,0,0,1,12
2.302046811389229,2.537822594004065,2,2,2,0,0,2,12
2.3023744109270305,2.4697508774646777,0,0,3,1,0,0,12
2.304653895592956,2.700929440517485,0,2,3,2,1,0,12
2.3064705626091717,2.53769847655242,1,2,2,2,1,2,12
2.314716146835462,2.5710734381969123,2,0,3,1,0,0,12
2.3258424740644834,2.5048809049940832,1,0,0,0,0,0,12
2.3273443637067315,2.693566070621175,1,2,3,1,1,1,12
2.339494605651772,2.4995868999554025,0,2,0,0,0,2,12
2.3402296674701724,2.792073142362569,0,0,3,1,1,0,12
2.3714566022572963,2.7166472213938384,3,0,3,2,1,0,12
2.372683234896515,2.602324542924627,2,0,1,1,0,0,12
2.3810930914283936,2.60939117414302,1,0,1,1,0,1,12
2.3846554562251407,2.6813463576526226,2,0,3,0,0,0,12
2.4141706567555863,2.6251582426278812,2,0,1,1,0,1,12
2.431336315514438,2.6399774160829663,1,0,2,1,0,2,12
2.4544551367301546,2.671330456207853,2,0,0,0,0,1,12
2.459479463377852,2.7697657083428435,0,1,0,0,1,0,12
2.4639567193825496,2.664254295484257,3,2,0,0,0,2,12
2.4710217594981287,2.8505046235307687,0,1,1,2,1,1,12
2.521291644449328,2.8763662651844903,3,0,2,2,1,2,12
2.534781470100976,2.7082988767342786,0,0,3,1,0,1,12
2.546224570210701,2.6957737778765196,2,2,0,1,0,1,12
2.547799647296347,2.704756972032869,3,2,2,1,0,0,12
2.5508267376489804,3.0775162899530564,3,1,1,2,0,1,12
2.578907362923216,2.7367820165391286,3,2,2,0,0,1,12
2.5850847197730684,3.0071055642730196,3,2,3,0,1,2,12
2.588448260299248,2.8718624346190946,1,0,3,0,0,1,12
2.5991250133052466,2.9173766061448387,1,0,3,0,0,0,12
2.6026488042050646,2.8220135700041857,2,0,1,0,0,1,12
2.6040944782389137,2.956829607422121,0,0,2,1,1,0,12
2.6062697485184794,3.020614034351318,3,2,0,2,1,1,12
2.6171285048653616,2.854111435631655,3,2,3,1,0,0,12
2.6208162683640874,2.881557543654294,2,0,3,0,0,1,12
2.6300484721981405,2.8495472868615104,1,0,2,1,0,1,12
2.6437371041281637,2.8782405663314923,2,0,0,1,0,1,12
2.645483190997299,2.871185623618032,1,0,1,0,0,1,12
2.6515241120194175,3.0008775327129653,2,2,2,1,1,1,12
2.674342330226527,2.906620309124135,2,0,3,1,0,1,12
2.6863958326225674,3.0396854665213926,2,0,0,0,1,0,12
2.686851663290623,3.039594775548605,3,0,0,2,1,1,12
2.699571600680507,3.0400686997009196,3,1,1,2,1,1,12
2.713312517006518,3.087459496948979,3,2,2,0,1,1,12
2.777395259269183,2.9393970914031797,0,0,3,0,0,1,12
2.7809803753439892,3.1914848726842617,3,2,1,0,1,2,12
2.789124947222775,3.1865831955140345,3,2,0,1,1,0,12
2.8122093653639877,3.168179369950011,0,2,3,1,1,1,12
2.851285103111973,3.2291457388429587,1,0,2,0,1,0,12
2.856097057905831,3.0809442937454103,0,0,3,0,0,2,12
2.861940774205417,3.203034712662613,2,1,2,0,1,0,12
2.8730866076956985,3.0923489291759365,3,2,0,1,0,0,12
2.8801886107702868,3.14741927365097,1,0,3,1,0,1,12
2.898690589405669,3.181880014250135,2,2,3,2,1,1,12
2.9036281884685184,3.185756093794827,2,2,3,0,0,1,12
2.904125442250038,3.3155882575992592,0,2,0,2,1,2,12
2.9336914078767844,3.1871797605833483,0,0,1,0,1,1,12
2.9473788461093373,3.275753621058281,1,0,3,0,1,0,12
3.0009884876082666,3.324918784056143,0,1,1,0,1,0,12
3.0053466333889434,3.4275520406628415,2,2,3,0,1,2,12
3.0226508136615466,3.3475857810954706,2,0,1,0,1,0,12
3.039931699737687,3.4143000287092877,1,1,0,2,1,1,12
3.042153038520193,3.254393891466346,2,2,1,0,0,1,12
3.1243069565889225,3.5368860456022575,3,2,1,1,1,0,12
3.1433321389277715,3.501835065916342,2,1,0,2,1,1,12
3.175324308808566,3.25715427567211,0,0,1,0,0,0,12
3.2066325888131204,3.543214917406466,2,0,3,0,1,0,12
3.2396077852581278,3.3428627029166815,0,0,2,0,0,0,12
3.2450951935974532,3.5791863065347505,3,0,0,0,1,0,12
3.264073044664126,3.6195468110495956,2,0,2,0,1,0,12
3.3080826002759367,3.647566151742407,3,0,1,0,1,0,12
3.3379580359079233,3.438519333394661,0,0,3,0,0,0,12
3.354872759462858,3.683136154612676,0,2,2,0,1,0,12
3.371968396387491,3.7392832935267695,0,2,0,2,0,1,12
3.375040453584064,3.766289413518089,2,2,0,2,1,2,12
3.3762316894841837,3.776150377106999,1,1,3,2,1,1,12
3.3773120327629305,3.7522169499330116,1,2,3,1,1,0,12
3.3942301792037526,3.7310263894690636,3,0,3,0,1,0,12
3.4127644979962675,3.7604513182788475,3,0,2,0,1,0,12
3.4867342900745024,3.9010754702351886,1,2,0,2,1,2,12
3.5547827035968975,3.945844371155591,2,1,1,2,1,1,12
3.6123310617636823,4.0533580459226055,2,2,0,1,1,2,12
3.6399117292947274,4.086603222860399,1,2,1,2,1,2,12
3.660883243050832,4.096916571645442,2,2,2,0,0,1,12
3.6933455779592115,4.263147305150911,2,2,1,1,1,1,12
3.7122132650443773,4.07899565772558,0,1,2,0,1,0,12
3.7315639491290273,4.20486555262783,3,2,1,2,1,0,12
3.7471165909262214,4.088434537740051,1,1,0,0,1,0,12
3.7502507298701544,4.142079706716053,1,1,1,2,1,1,12
3.764842513853416,4.192285037140663,0,1,3,2,1,1,12
3.8385400077758343,4.431478291252776,1,2,0,1,0,0,12
3.873992917468283,4.295884260099278,2,1,2,2,1,1,12
3.9868476332509335,4.347685002286068,1,1,1,0,1,0,12
4.06363407399476,4.459802024584608,3,1,0,0,1,0,12
4.066817120810392,4.458372191744454,1,2,0,0,0,0,12
4.105385313810466,4.608391281847881,1,2,2,2,1,1,12
4.130765876183114,4.494285075903367,1,2,1,0,1,0,12
4.139281424574512,4.50963693424386,2,1,0,0,1,0,12
4.149876017572601,4.528721734610704,1,1,2,0,1,0,12
4.168207760782121,4.599306316048165,0,2,0,0,0,0,12
4.179263737897897,4.5490761355691705,3,1,1,0,1,0,12
4.188008401803001,4.558737339049406,2,1,1,0,1,0,12
4.205028494559417,4.582180943480386,0,2,3,0,1,0,12
4.2102909407559626,4.720376728092215,3,2,0,2,1,0,12
4.31902236173196,4.981119875466744,1,2,1,1,1,1,12
4.324362657964387,7.091185710290388,3,1,2,1,1,0,12
4.347816414015216,4.743589963570169,2,1,3,2,1,1,12
4.430045687983895,4.908005015980605,2,2,0,2,1,1,12
4.576086008729652,5.12813739784095,2,2,2,1,0,1,12
4.627653082146846,5.006001740007922,1,2,3,0,1,0,12
4.657876651524253,5.2037875676003615,1,2,2,0,1,1,12
4.685540912912963,5.166508820908754,0,1,2,2,1,1,12
4.688644009929284,5.51448877308592,1,2,2,0,1,2,12
4.871544912139633,5.284542361344296,2,2,3,0,1,0,12
4.887642042513595,5.3297016064428,0,2,0,2,0,0,12
4.902741783811821,5.317217492236861,3,2,2,0,1,0,12
4.928794610129923,5.340873222673994,3,2,3,0,1,0,12
4.993078936996168,5.417626422056507,3,2,1,0,1,0,12
5.0028646231801455,5.570152650653761,0,2,1,2,1,1,12
5.021503624972576,5.438595516471917,2,2,2,0,1,0,12
5.117743147470478,5.7260770992059635,1,2,0,2,0,0,12
5.149701098215124,5.924336750071756,2,2,0,1,1,1,12
5.280778759682812,5.815625063904534,1,1,2,2,1,1,12
5.42590036607664,6.030748594892155,3,2,2,2,1,1,12
5.7578572442225875,6.4471978302645345,3,2,1,1,1,2,12
5.788609730726712,6.52550443390954,3,2,0,1,1,1,12
5.853877927048347,6.629654202028776,0,2,0,0,1,2,12
5.923797996828205,6.6150125740822014,3,2,1,2,1,1,12
5.995839328430783,6.760811992331535,3,2,2,1,1,1,12
6.034405523791099,6.764926547846529,3,2,0,1,1,2,12
6.154764625461279,6.8242430711731865,2,2,2,2,1,1,12
6.163961962465661,6.856212775709999,0,2,2,2,1,1,12
6.249343517642448,6.98911591585233,1,2,0,2,1,1,12
6.4073454680123145,7.272377719983448,1,2,2,1,1,1,12
6.484555820207293,7.308147861464108,3,2,1,1,1,1,12
7.227405508740166,8.087634760763333,0,2,0,1,1,2,12
8.005407543965262,8.971123467581936,0,2,1,0,1,0,12
8.276335706532947,9.272782572982027,1,2,2,0,1,0,12
8.3682424193583,9.60339044969376,1,2,0,1,1,1,12
9.658459644602784,10.856327159309874,0,2,0,0,1,1,12
9.679737411220186,10.907880016821428,0,2,0,1,0,0,12
11.50161703340346,14.712697296133829,3,2,2,2,1,2,12
11.703604411511856,13.28034831453414,3,2,0,0,1,0,12
12.00758559215115,13.573240428488793,2,2,1,1,1,0,12
12.086955486530272,13.72755813090944,2,2,1,0,1,0,12
12.516750059933127,14.247346840220711,2,2,0,0,1,0,12
12.899731178687757,14.524602682003042,0,2,0,1,1,0,12
14.003153388547132,16.002960527244543,1,2,0,0,1,0,12
18.14383252491204,21.032180168443524,0,2,0,1,1,1,12
18.49446032815665,21.219520533456038,0,2,0,0,1,0,12
26874.932836587122,73452.8386724596,3,1,2,0,1,0,12
106162.1911095929,253650.74055208665,3,1,2,0,1,1,12
360619162241.9818,1240756100501.4126,2,2,1,2,1,0,12
611623560877.6804,2115101367922.456,2,2,1,0,1,2,12
662650629790.0198,2268859494710.4966,3,1,2,1,1,1,12
1443498712798.8699,5019094128684.172,2,2,1,1,1,2,12
47895780377684.56,172081842314462.44,3,1,2,2,1,0,12
1636940591808287.0,6107517926496626.0,3,1,2,0,1,2,12
1762093081635774.8,6588897726197203.0,2,2,1,2,1,1,12
1.3769021140437942e+16,5.17669705063034e+16,2,2,1,2,1,2,12
6.117204511882002e+22,2.4332605888188355e+23,3,1,2,1,1,2,12
1.527615693185935e+24,6.121722299356334e+24,3,1,2,2,1,1,12
4.105033838964235e+24,1.6450958175970558e+25,3,1,2,2,1,2,12
